brs_non_p,,,,,,,,,,,,
N64,,,,,,,,,,,,
S10.000000,,,,,,,,,,,,
H0.500000,,,,,,,,,,,,
injection rates ,0.0006,0.0007,0.0008,0.0009,0.001,0.002,0.003,0.004,0.005,0.006,0.8,0.9
Latencies,5.13743598945,5.18962200826,5.23117819373,5.22663172372,5.27753121432,5.60735131231,6.02319124538,6.91931334208,7.91628901462,9.79465785571,987.146757017,990.439506427
