brs_non_p,,,,,,,,,,,,
N64,,,,,,,,,,,,
S10.000000,,,,,,,,,,,,
H0.500000,,,,,,,,,,,,
injection rates ,0.0006,0.0007,0.0008,0.0009,0.001,0.002,0.003,0.004,0.005,0.006,0.8,0.9
Throughput,0.152879494138,0.180432510623,0.207495915008,0.230875158169,0.253917509235,0.505558376109,0.764062870448,1.02898489516,1.28766730145,1.53111750038,2.1332662858,2.11860038822
